disaster_id,htmldescription,alertlevel,alertscore,episodealertlevel,episodealertscore,country,fromdate,todate,severity,source,iso3,eventtype,GDACS ID,Duration,Impact
DR_DEU_20170721_2,"Green Drought in Germany, Denmark, France, Latvia, Poland, Sweden from: 21 Jul 2017  to: 09 Feb 2019 .",Green,1,Green,0.25,"Germany, Denmark, France, Latvia, Poland, Sweden",7/21/2017,2019-02-09T15:07:00,80936,GDO,DEU,DR,DR 1012168,569 days (at 18 Feb 2019),Minor impact for agricultural drought in 80936 km2
DR_UZB_20171121_7,Green Drought in Uzbekistan from: 21 Nov 2017  to: 06 Sep 2018 .,Green,1,Green,0.75,Uzbekistan,11/21/2017,2018-09-06T09:57:00,18686,GDO,UZB,DR,DR 1012172,289 days (at 15 Sep 2018),Minor impact for agricultural drought in 18686 km2
DR_BRA_20171221_9,Green Drought in Brazil from: 21 Dec 2017  to: 06 Sep 2018 .,Green,1,Green,0.5,Brazil,12/21/2017,2018-09-06T09:57:00,87604,GDO,BRA,DR,DR 1012174,259 days (at 15 Sep 2018),Minor impact for agricultural drought in 87604 km2
DR_AUS_20180221_15,Orange Drought in Australia from: 21 Feb 2018  to: 24 Nov 2018 .,Orange,2,Orange,1,Australia,2/21/2018,2018-11-24T16:27:00,142608,GDO,AUS,DR,DR 1012191,277 days (at 23 Dec 2018),Medium impact for agricultural drought in 142608 km2
DR_MDG_20180321_20,Orange Drought in Madagascar from: 21 Mar 2018  to: 13 Sep 2018 .,Orange,2,Orange,1.5,Madagascar,3/21/2018,2018-09-13T13:57:00,68692,GDO,MDG,DR,DR 1012304,177 days (at 22 Sep 2018),Medium impact for agricultural drought in 68692 km2
DR_ALB_20180421_24,"Green Drought in Albania, Austria, Bosnia  and  Herzegovina, Bulgaria, Belarus, Greece, Croatia, Hungary, Kazakhstan, Moldova, Montenegro, Macedonia, Romania, Serbia, Russia, Slovenia, Slovakia, Türkiye, Ukraine from: 21 Apr 2018  to: 24 Nov 2018 .",Green,1,Green,0.5,"Albania, Austria, Bosnia & Herzegovina, Bulgaria, Belarus, Greece, Croatia, Hungary, Kazakhstan, Moldova, Montenegro, Macedonia, Romania, Serbia, Russia, Slovenia, Slovakia, Türkiye, Ukraine",4/21/2018,2018-11-24T16:27:00,1677855,GDO,ALB,DR,DR 1012247,218 days (at 23 Dec 2018),Minor impact for agricultural drought in 1677855 km2
DR_ZAF_20180421_26,Green Drought in South Africa from: 21 Apr 2018  to: 10 Oct 2018 .,Green,1,Green,0.75,South Africa,4/21/2018,2018-10-10T08:17:00,52380,GDO,ZAF,DR,DR 1012219,172 days (at 19 Oct 2018),Minor impact for agricultural drought in 52380 km2
DR_IDN_20180421_30,Green Drought in Indonesia from: 21 Apr 2018  to: 29 Aug 2018 .,Green,1,Green,0.75,Indonesia,4/21/2018,2018-08-29T15:17:00,78469,GDO,IDN,DR,DR 1012212,131 days (at 28 Sep 2018),Minor impact for agricultural drought in 78469 km2
DR_BRA_20180521_32,Green Drought in Brazil from: 21 May 2018  to: 30 Dec 2018 .,Green,1,Green,0.75,Brazil,5/21/2018,2018-12-30T14:05:00,104035,GDO,BRA,DR,DR 1012396,224 days (at 29 Jan 2019),Minor impact for agricultural drought in 104035 km2
DR_USA_20180521_35,Green Drought in United States from: 21 May 2018  to: 28 Oct 2018 .,Green,1,Green,0.5,United States,5/21/2018,2018-10-28T15:37:00,229250,GDO,USA,DR,DR 1012604,161 days (at 27 Nov 2018),Minor impact for agricultural drought in 229250 km2
DR_GMB_20180521_36,"Green Drought in The Gambia, Guinea, Guinea-Bissau, Senegal from: 21 May 2018  to: 10 Oct 2018 .",Green,1,Green,0.75,"The Gambia, Guinea, Guinea-Bissau, Senegal",5/21/2018,2018-10-10T08:17:00,59944,GDO,GMB,DR,DR 1012255,142 days (at 19 Oct 2018),Minor impact for agricultural drought in 59944 km2
DR_BRA_20180511_38,Green Drought in Brazil from: 11 May 2018  to: 10 Oct 2018 .,Green,1,Green,0.25,Brazil,5/11/2018,2018-10-10T08:17:00,220613,GDO,BRA,DR,DR 1012244,152 days (at 19 Oct 2018),Minor impact for agricultural drought in 220613 km2
DR_USA_20180521_43,Green Drought in United States from: 21 May 2018  to: 20 Aug 2018 .,Green,1,Green,0.5,United States,5/21/2018,2018-08-20T10:37:15,41910,GDO,USA,DR,DR 1012333,91 days (at 29 Aug 2018),Minor impact for agricultural drought in 41910 km2
DR_CHN_20180621_44,"Orange Drought in China, India, Myanmar, Nepal from: 21 Jun 2018  to: 16 Feb 2019 .",Orange,2,Orange,1.5,"China, India, Myanmar, Nepal",6/21/2018,2019-02-16T15:47:00,106336,GDO,CHN,DR,DR 1012538,241 days (at 25 Feb 2019),Medium impact for agricultural drought in 106336 km2
DR_BGD_20180621_49,"Green Drought in Bangladesh, India, Myanmar, Nepal from: 21 Jun 2018  to: 16 Nov 2018 .",Green,1,Green,0.75,"Bangladesh, India, Myanmar, Nepal",6/21/2018,2018-11-16T15:57:00,485175,GDO,BGD,DR,DR 1012429,149 days (at 25 Nov 2018),Minor impact for agricultural drought in 485175 km2
DR_RUS_20180621_51,Green Drought in Russia from: 21 Jun 2018  to: 10 Oct 2018 .,Green,1,Green,0.25,Russia,6/21/2018,2018-10-10T08:17:00,150479,GDO,RUS,DR,DR 1012428,111 days (at 19 Oct 2018),Minor impact for agricultural drought in 150479 km2
DR_COD_20180621_55,"Green Drought in Congo, DRC from: 21 Jun 2018  to: 10 Oct 2018 .",Green,1,Green,0.5,"Congo, DRC",6/21/2018,2018-10-10T08:17:00,86129,GDO,COD,DR,DR 1012345,111 days (at 19 Oct 2018),Minor impact for agricultural drought in 86129 km2
DR_PHL_20180721_63,Green Drought in Philippines from: 21 Jul 2018  to: 26 Jan 2019 .,Green,1,Green,0.25,Philippines,7/21/2018,2019-01-26T17:07:00,44740,GDO,PHL,DR,DR 1012676,190 days (at 25 Feb 2019),Minor impact for agricultural drought in 44740 km2
DR_IND_20180721_64,"Orange Drought in India, Pakistan from: 21 Jul 2018  to: 30 Dec 2018 .",Orange,2,Orange,1.75,"India, Pakistan",7/21/2018,2018-12-30T14:05:00,113171,GDO,IND,DR,DR 1012498,163 days (at 29 Jan 2019),Medium impact for agricultural drought in 113171 km2
DR_MDG_20180721_68,Green Drought in Madagascar from: 21 Jul 2018  to: 24 Nov 2018 .,Green,1,Green,0.75,Madagascar,7/21/2018,2018-11-24T16:27:00,51870,GDO,MDG,DR,DR 1012433,127 days (at 23 Dec 2018),Minor impact for agricultural drought in 51870 km2
DR_CHN_20180721_69,Green Drought in China from: 21 Jul 2018  to: 24 Nov 2018 .,Green,1,Green,0.5,China,7/21/2018,2018-11-24T16:27:00,133152,GDO,CHN,DR,DR 1012452,127 days (at 23 Dec 2018),Minor impact for agricultural drought in 133152 km2
DR_MEX_20180721_72,Green Drought in Mexico from: 21 Jul 2018  to: 12 Oct 2018 .,Green,1,Green,0.75,Mexico,7/21/2018,2018-10-12T12:27:00,57097,GDO,MEX,DR,DR 1012447,84 days (at 21 Oct 2018),Minor impact for agricultural drought in 57097 km2
DR_CMR_20180721_74,"Green Drought in Cameroon, Equatorial Guinea from: 21 Jul 2018  to: 10 Oct 2018 .",Green,1,Green,0.25,"Cameroon, Equatorial Guinea",7/21/2018,2018-10-10T08:17:00,38879,GDO,CMR,DR,DR 1012448,81 days (at 19 Oct 2018),Minor impact for agricultural drought in 38879 km2
DR_GTM_20180721_80,"Orange Drought in Guatemala, Mexico from: 21 Jul 2018  to: 06 Sep 2018 .",Orange,2,Orange,1.5,"Guatemala, Mexico",7/21/2018,2018-09-06T09:57:00,35561,GDO,GTM,DR,DR 1012471,47 days (at 15 Sep 2018),Medium impact for agricultural drought in 35561 km2
DR_BLZ_20180721_83,"Orange Drought in Belize, Guatemala, Mexico from: 21 Jul 2018  to: 29 Aug 2018 .",Orange,2,Orange,1.5,"Belize, Guatemala, Mexico",7/21/2018,2018-08-29T15:17:00,113927,GDO,BLZ,DR,DR 1012475,40 days (at 28 Sep 2018),Medium impact for agricultural drought in 113927 km2
DR_KHM_20180821_88,"Orange Drought in Cambodia, Laos, Thailand, Vietnam from: 21 Aug 2018  to: 26 Jan 2019 .",Orange,2,Orange,1.25,"Cambodia, Laos, Thailand, Vietnam",8/21/2018,2019-01-26T17:07:00,178155,GDO,KHM,DR,DR 1012578,159 days (at 25 Feb 2019),Medium impact for agricultural drought in 178155 km2
DR_CAF_20180821_90,"Green Drought in Central African Republic, Chad from: 21 Aug 2018  to: 30 Dec 2018 .",Green,1,Green,0.75,"Central African Republic, Chad",8/21/2018,2018-12-30T14:05:00,97497,GDO,CAF,DR,DR 1012660,132 days (at 29 Jan 2019),Minor impact for agricultural drought in 97497 km2
DR_BLZ_20180821_91,"Green Drought in Belize, Guatemala, Honduras, Mexico from: 21 Aug 2018  to: 30 Dec 2018 .",Green,1,Green,0.5,"Belize, Guatemala, Honduras, Mexico",8/21/2018,2018-12-30T14:05:00,65060,GDO,BLZ,DR,DR 1012677,132 days (at 29 Jan 2019),Minor impact for agricultural drought in 65060 km2
DR_ECU_20180821_97,Green Drought in Ecuador from: 21 Aug 2018  to: 24 Nov 2018 .,Green,1,Green,0.5,Ecuador,8/21/2018,2018-11-24T16:27:00,54569,GDO,ECU,DR,DR 1012534,96 days (at 23 Dec 2018),Minor impact for agricultural drought in 54569 km2
DR_KGZ_20180821_101,"Green Drought in Kyrgyzstan, Kazakhstan, Tajikistan, Uzbekistan from: 21 Aug 2018  to: 19 Oct 2018 .",Green,1,Green,0.5,"Kyrgyzstan, Kazakhstan, Tajikistan, Uzbekistan",8/21/2018,2018-10-19T12:27:00,47602,GDO,KGZ,DR,DR 1012568,60 days (at 28 Oct 2018),Minor impact for agricultural drought in 47602 km2
DR_CHL_20180821_103,Green Drought in Chile from: 21 Aug 2018  to: 12 Oct 2018 .,Green,1,Green,0.25,Chile,8/21/2018,2018-10-12T12:27:00,28903,GDO,CHL,DR,DR 1012571,53 days (at 21 Oct 2018),Minor impact for agricultural drought in 28903 km2
DR_AFG_20180821_104,"Orange Drought in Afghanistan, Pakistan, Tajikistan from: 21 Aug 2018  to: 12 Oct 2018 .",Orange,2,Orange,1.5,"Afghanistan, Pakistan, Tajikistan",8/21/2018,2018-10-12T12:27:00,39891,GDO,AFG,DR,DR 1012536,53 days (at 21 Oct 2018),Medium impact for agricultural drought in 39891 km2
DR_AFG_20180821_107,"Red Drought in Afghanistan, Iran, Pakistan, Tajikistan from: 21 Aug 2018  to: 10 Oct 2018 .",Red,3,Red,2.25,"Afghanistan, Iran, Pakistan, Tajikistan",8/21/2018,2018-10-10T08:17:00,113210,GDO,AFG,DR,DR 1012558,50 days (at 19 Oct 2018),Severe impact for agricultural drought in 113210 km2
DR_BLZ_20180921_118,"Orange Drought in Belize, Guatemala, Honduras, Mexico, Nicaragua from: 21 Sep 2018  to: 03 Mar 2020 .",Orange,2,Orange,1.5,"Belize, Guatemala, Honduras, Mexico, Nicaragua",9/21/2018,2020-03-03T14:37:00,113247,GDO,BLZ,DR,DR 1012649,508 days (at 20 Feb 2020),Medium impact for agricultural drought in 113247 km2
DR_HRV_20180921_119,"Green Drought in Croatia, Hungary, Romania, Serbia from: 21 Sep 2018  to: 08 May 2019 .",Green,1,Green,0.25,"Croatia, Hungary, Romania, Serbia",9/21/2018,2019-05-08T13:57:00,59261,GDO,HRV,DR,DR 1012618,212 days (at 20 May 2019),Minor impact for agricultural drought in 59261 km2
DR_AZE_20180921_132,"Green Drought in Azerbaijan, Russia from: 21 Sep 2018  to: 24 Nov 2018 .",Green,1,Green,0.5,"Azerbaijan, Russia",9/21/2018,2018-11-24T16:27:00,78481,GDO,AZE,DR,DR 1012665,65 days (at 23 Dec 2018),Minor impact for agricultural drought in 78481 km2
DR_GTM_20180911_135,"Orange Drought in Guatemala, Mexico from: 11 Sep 2018  to: 10 Nov 2018 .",Orange,2,Orange,1.5,"Guatemala, Mexico",9/11/2018,2018-11-10T08:57:00,58878,GDO,GTM,DR,DR 1012597,60 days (at 19 Nov 2018),Medium impact for agricultural drought in 58878 km2
DR_ARG_20180921_137,"Green Drought in Argentina, Chile from: 21 Sep 2018  to: 28 Oct 2018 .",Green,1,Green,0.25,"Argentina, Chile",9/21/2018,2018-10-28T15:37:00,31265,GDO,ARG,DR,DR 1012613,38 days (at 27 Nov 2018),Minor impact for agricultural drought in 31265 km2
DR_AGO_20181021_149,"Red Drought in Angola, Botswana, Mozambique, Namibia, Zambia, Zimbabwe from: 21 Oct 2018  to: 24 Mar 2020 .",Red,3,Red,2,"Angola, Botswana, Mozambique, Namibia, Zambia, Zimbabwe",10/21/2018,2020-03-24T16:37:00,150282,GDO,AGO,DR,DR 1012728,497 days (at 10 Mar 2020),Severe impact for agricultural drought in 150282 km2
DR_PHL_20181021_151,Green Drought in Philippines from: 21 Oct 2018  to: 06 Jan 2020 .,Green,1,Green,0.75,Philippines,10/21/2018,2020-01-06T14:47:00,53992,GDO,PHL,DR,DR 1012686,426 days (at 30 Dec 2019),Minor impact for agricultural drought in 53992 km2
DR_PHL_20181021_152,Orange Drought in Philippines from: 21 Oct 2018  to: 23 Jul 2019 .,Orange,2,Orange,1.25,Philippines,10/21/2018,2019-07-23T08:27:00,31951,GDO,PHL,DR,DR 1013042,263 days (at 20 Jul 2019),Medium impact for agricultural drought in 31951 km2
DR_KHM_20181021_160,"Green Drought in Cambodia, Laos, Thailand, Vietnam from: 21 Oct 2018  to: 30 Dec 2018 .",Green,1,Green,0.75,"Cambodia, Laos, Thailand, Vietnam",10/21/2018,2018-12-30T14:05:00,95172,GDO,KHM,DR,DR 1012698,71 days (at 29 Jan 2019),Minor impact for agricultural drought in 95172 km2
DR_COD_20181021_161,"Orange Drought in Congo, DRC, Central African Republic, Kenya, South Sudan, Uganda from: 21 Oct 2018  to: 30 Dec 2018 .",Orange,2,Orange,1.5,"Congo, DRC, Central African Republic, Kenya, South Sudan, Uganda",10/21/2018,2018-12-30T14:05:00,331753,GDO,COD,DR,DR 1012703,71 days (at 29 Jan 2019),Medium impact for agricultural drought in 331753 km2
DR_KHM_20181121_174,"Green Drought in Cambodia, Laos, Myanmar, Thailand, Vietnam from: 21 Nov 2018  to: 20 Oct 2020 .",Green,1,Green,0.75,"Cambodia, Laos, Myanmar, Thailand, Vietnam",11/21/2018,2020-10-20T00:00:00,206060,GDO,KHM,DR,DR 1012806,690 days (at 20 Oct 2020),Minor impact for agricultural drought in 206060 km2
DR_DOM_20181121_180,"Orange Drought in Dominican Republic, Haiti from: 21 Nov 2018  to: 05 Apr 2019 .",Orange,2,Orange,1.75,"Dominican Republic, Haiti",11/21/2018,2019-04-05T09:27:00,48483,GDO,DOM,DR,DR 1012765,120 days (at 30 Mar 2019),Medium impact for agricultural drought in 48483 km2
DR_TTO_20181121_181,"Green Drought in Trinidad  and  Tobago, Venezuela from: 21 Nov 2018  to: 08 Mar 2019 .",Green,1,Green,0.75,"Trinidad & Tobago, Venezuela",11/21/2018,2019-03-08T16:17:00,53346,GDO,TTO,DR,DR 1012837,82 days (at 20 Feb 2019),Minor impact for agricultural drought in 53346 km2
DR_AFG_20181121_182,"Orange Drought in Afghanistan, Iran, Pakistan from: 21 Nov 2018  to: 16 Feb 2019 .",Orange,2,Orange,1.75,"Afghanistan, Iran, Pakistan",11/21/2018,2019-02-16T15:47:00,116622,GDO,AFG,DR,DR 1012810,88 days (at 25 Feb 2019),Medium impact for agricultural drought in 116622 km2
DR_PER_20181121_183,Orange Drought in Peru from: 21 Nov 2018  to: 16 Feb 2019 .,Orange,2,Orange,1,Peru,11/21/2018,2019-02-16T15:47:00,71910,GDO,PER,DR,DR 1012802,88 days (at 25 Feb 2019),Medium impact for agricultural drought in 71910 km2
DR_BRA_20181121_188,Green Drought in Brazil from: 21 Nov 2018  to: 20 Jan 2019 .,Green,1,Green,0.5,Brazil,11/21/2018,2019-01-20T13:47:00,85043,GDO,BRA,DR,DR 1012756,61 days (at 29 Jan 2019),Minor impact for agricultural drought in 85043 km2
DR_BOL_20181221_196,"Orange Drought in Bolivia, Brazil from: 21 Dec 2018  to: 10 Aug 2020 .",Orange,2,Orange,1.25,"Bolivia, Brazil",12/21/2018,2020-08-10T15:27:00,133215,GDO,BOL,DR,DR 1012926,589 days (at 10 Aug 2020),Medium impact for agricultural drought in 133215 km2
DR_IND_20181221_200,"Red Drought in India, Sri Lanka from: 21 Dec 2018  to: 26 Aug 2019 .",Red,3,Red,2,"India, Sri Lanka",12/21/2018,2019-08-26T13:37:00,85408,GDO,IND,DR,DR 1012873,233 days (at 20 Aug 2019),Severe impact for agricultural drought in 85408 km2
DR_CAN_20181221_202,"Green Drought in Canada, United States from: 21 Dec 2018  to: 23 Jun 2019 .",Green,1,Green,0.25,"Canada, United States",12/21/2018,2019-06-23T12:17:00,110963,GDO,CAN,DR,DR 1013263,182 days (at 20 Jul 2019),Minor impact for agricultural drought in 110963 km2
DR_AUS_20181221_203,Green Drought in Australia from: 21 Dec 2018  to: 24 May 2019 .,Green,1,Green,0.75,Australia,12/21/2018,2019-05-24T14:07:00,107466,GDO,AUS,DR,DR 1012840,141 days (at 20 May 2019),Minor impact for agricultural drought in 107466 km2
DR_KAZ_20181221_205,"Green Drought in Kazakhstan, Russia from: 21 Dec 2018  to: 05 Apr 2019 .",Green,1,Green,0.5,"Kazakhstan, Russia",12/21/2018,2019-04-05T09:27:00,338718,GDO,KAZ,DR,DR 1012928,90 days (at 30 Mar 2019),Minor impact for agricultural drought in 338718 km2
DR_BRA_20181221_207,Green Drought in Brazil from: 21 Dec 2018  to: 05 Apr 2019 .,Green,1,Green,0.5,Brazil,12/21/2018,2019-04-05T09:27:00,396293,GDO,BRA,DR,DR 1012844,90 days (at 30 Mar 2019),Minor impact for agricultural drought in 396293 km2
DR_COL_20181221_209,"Green Drought in Colombia, Venezuela from: 21 Dec 2018  to: 08 Mar 2019 .",Green,1,Green,0.5,"Colombia, Venezuela",12/21/2018,2019-03-08T16:17:00,220945,GDO,COL,DR,DR 1012826,52 days (at 20 Feb 2019),Minor impact for agricultural drought in 220945 km2
DR_USA_20181221_210,Green Drought in United States from: 21 Dec 2018  to: 08 Mar 2019 .,Green,1,Green,0.25,United States,12/21/2018,2019-03-08T16:17:00,28645,GDO,USA,DR,DR 1012848,52 days (at 20 Feb 2019),Minor impact for agricultural drought in 28645 km2
DR_JPN_20190121_231,Green Drought in Japan from: 21 Jan 2019  to: 26 Jun 2019 .,Green,1,Green,0.25,Japan,1/21/2019,2019-06-26T00:00:00,50599,GDO,JPN,DR,DR 1012920,141 days (at 20 Jun 2019),Minor impact for agricultural drought in 50599 km2
DR_DZA_20190121_235,"Green Drought in Algeria, Spain, Morocco from: 21 Jan 2019  to: 26 Apr 2019 .",Green,1,Green,0.5,"Algeria, Spain, Morocco",1/21/2019,2019-04-26T15:37:00,79873,GDO,DZA,DR,DR 1012932,80 days (at 20 Apr 2019),Minor impact for agricultural drought in 79873 km2
DR_BEL_20190211_252,"Green Drought in Belgium, Switzerland, Czech Republic, Germany, France, Luxembourg, Netherlands, Poland from: 11 Feb 2019  to: 24 Oct 2019 .",Green,1,Green,0.5,"Belgium, Switzerland, Czech Republic, Germany, France, Luxembourg, Netherlands, Poland",2/11/2019,2019-10-24T13:47:00,350219,GDO,BEL,DR,DR 1013283,242 days (at 20 Oct 2019),Minor impact for agricultural drought in 350219 km2
DR_RUS_20190221_253,Green Drought in Russia from: 21 Feb 2019  to: 10 Sep 2019 .,Green,1,Green,0.5,Russia,2/21/2019,2019-09-10T14:07:00,97210,GDO,RUS,DR,DR 1012974,192 days (at 10 Sep 2019),Minor impact for agricultural drought in 97210 km2
DR_CAN_20190221_254,Green Drought in Canada from: 21 Feb 2019  to: 26 Aug 2019 .,Green,1,Green,0.25,Canada,2/21/2019,2019-08-26T13:37:00,38961,GDO,CAN,DR,DR 1013252,171 days (at 20 Aug 2019),Minor impact for agricultural drought in 38961 km2
DR_BLR_20190221_256,"Green Drought in Belarus, Estonia, Lithuania, Latvia, Poland, Russia, Ukraine from: 21 Feb 2019  to: 01 Aug 2019 .",Green,1,Green,0.75,"Belarus, Estonia, Lithuania, Latvia, Poland, Russia, Ukraine",2/21/2019,2019-08-01T10:47:00,103606,GDO,BLR,DR,DR 1013150,150 days (at 30 Jul 2019),Minor impact for agricultural drought in 103606 km2
DR_KEN_20190221_258,Red Drought in Kenya from: 21 Feb 2019  to: 16 Jul 2019 .,Red,3,Red,2,Kenya,2/21/2019,2019-07-16T15:27:00,49202,GDO,KEN,DR,DR 1013021,130 days (at 10 Jul 2019),Severe impact for agricultural drought in 49202 km2
DR_IND_20190221_259,Red Drought in India from: 21 Feb 2019  to: 02 Jul 2019 .,Red,3,Red,2,India,2/21/2019,2019-07-02T09:17:00,139078,GDO,IND,DR,DR 1013088,120 days (at 20 Jul 2019),Severe impact for agricultural drought in 139078 km2
DR_ARG_20190221_261,Green Drought in Argentina from: 21 Feb 2019  to: 26 Jun 2019 .,Green,1,Green,0.25,Argentina,2/21/2019,2019-06-26T00:00:00,200057,GDO,ARG,DR,DR 1012950,110 days (at 20 Jun 2019),Minor impact for agricultural drought in 200057 km2
DR_CHL_20190221_263,Green Drought in Chile from: 21 Feb 2019  to: 23 Jun 2019 .,Green,1,Green,0,Chile,2/21/2019,2019-06-23T12:17:00,33894,GDO,CHL,DR,DR 1013071,120 days (at 20 Jul 2019),Minor impact for agricultural drought in 33894 km2
DR_MAR_20190221_264,Green Drought in Morocco from: 21 Feb 2019  to: 16 Jun 2019 .,Green,1,Green,0.5,Morocco,2/21/2019,2019-06-16T11:27:00,9271,GDO,MAR,DR,DR 1012988,100 days (at 10 Jun 2019),Minor impact for agricultural drought in 9271 km2
DR_ARG_20190221_265,"Green Drought in Argentina, Chile from: 21 Feb 2019  to: 16 Jun 2019 .",Green,1,Green,0.75,"Argentina, Chile",2/21/2019,2019-06-16T11:27:00,28023,GDO,ARG,DR,DR 1012959,100 days (at 10 Jun 2019),Minor impact for agricultural drought in 28023 km2
DR_FRA_20190211_267,Green Drought in France from: 11 Feb 2019  to: 08 May 2019 .,Green,1,Green,0.25,France,2/11/2019,2019-05-08T13:57:00,33975,GDO,FRA,DR,DR 1013024,69 days (at 20 May 2019),Minor impact for agricultural drought in 33975 km2
DR_ESP_20190221_270,"Green Drought in Spain, Portugal from: 21 Feb 2019  to: 26 Apr 2019 .",Green,1,Green,0.5,"Spain, Portugal",2/21/2019,2019-04-26T15:37:00,116015,GDO,ESP,DR,DR 1012951,49 days (at 20 Apr 2019),Minor impact for agricultural drought in 116015 km2
DR_BWA_20190321_287,"Red Drought in Botswana, Mozambique, South Africa, Zimbabwe from: 21 Mar 2019  to: 01 Aug 2019 .",Red,3,Red,2.25,"Botswana, Mozambique, South Africa, Zimbabwe",3/21/2019,2019-08-01T10:47:00,102368,GDO,BWA,DR,DR 1013327,122 days (at 30 Jul 2019),Severe impact for agricultural drought in 102368 km2
DR_MEX_20190421_312,"Green Drought in Mexico, United States from: 21 Apr 2019  to: 08 Sep 2019 .",Green,1,Green,0.5,"Mexico, United States",4/21/2019,2019-09-08T10:47:00,172474,GDO,MEX,DR,DR 1013352,122 days (at 30 Aug 2019),Minor impact for agricultural drought in 172474 km2
DR_MEX_20190421_313,Green Drought in Mexico from: 21 Apr 2019  to: 26 Aug 2019 .,Green,1,Green,0.75,Mexico,4/21/2019,2019-08-26T13:37:00,77780,GDO,MEX,DR,DR 1013191,112 days (at 20 Aug 2019),Minor impact for agricultural drought in 77780 km2
DR_IDN_20190421_321,Orange Drought in Indonesia from: 21 Apr 2019  to: 02 Jul 2019 .,Orange,2,Orange,1.25,Indonesia,4/21/2019,2019-07-02T09:17:00,10295,GDO,IDN,DR,DR 1013210,61 days (at 20 Jul 2019),Medium impact for agricultural drought in 10295 km2
DR_CHN_20190521_338,Orange Drought in China from: 21 May 2019  to: 26 Dec 2019 .,Orange,2,Orange,1,China,5/21/2019,2019-12-26T11:17:00,520578,GDO,CHN,DR,DR 1013258,204 days (at 20 Dec 2019),Medium impact for agricultural drought in 520578 km2
DR_ARG_20190521_339,"Green Drought in Argentina, Brazil, Paraguay from: 21 May 2019  to: 06 Nov 2019 .",Green,1,Green,0.5,"Argentina, Brazil, Paraguay",5/21/2019,2019-11-06T16:17:00,561314,GDO,ARG,DR,DR 1013245,153 days (at 30 Oct 2019),Minor impact for agricultural drought in 561314 km2
DR_RUS_20190521_341,Green Drought in Russia from: 21 May 2019  to: 22 Oct 2019 .,Green,1,Green,0.25,Russia,5/21/2019,2019-10-22T08:27:00,60528,GDO,RUS,DR,DR 1013449,133 days (at 10 Oct 2019),Minor impact for agricultural drought in 60528 km2
DR_CHN_20190521_342,Green Drought in China from: 21 May 2019  to: 03 Oct 2019 .,Green,1,Green,0.25,China,5/21/2019,2019-10-03T13:57:00,158199,GDO,CHN,DR,DR 1013218,123 days (at 20 Oct 2019),Minor impact for agricultural drought in 158199 km2
DR_DOM_20190521_343,"Green Drought in Dominican Republic, Haiti from: 21 May 2019  to: 25 Sep 2019 .",Green,1,Green,0.75,"Dominican Republic, Haiti",5/21/2019,2019-09-25T16:17:00,36137,GDO,DOM,DR,DR 1013238,113 days (at 20 Sep 2019),Minor impact for agricultural drought in 36137 km2
DR_BWA_20190521_345,"Orange Drought in Botswana, Lesotho, Mozambique, Swaziland, South Africa from: 21 May 2019  to: 08 Sep 2019 .",Orange,2,Orange,1.75,"Botswana, Lesotho, Mozambique, Swaziland, South Africa",5/21/2019,2019-09-08T10:47:00,276650,GDO,BWA,DR,DR 1013394,92 days (at 30 Aug 2019),Medium impact for agricultural drought in 276650 km2
DR_KAZ_20190521_347,"Green Drought in Kazakhstan, Russia from: 21 May 2019  to: 08 Sep 2019 .",Green,1,Green,0.5,"Kazakhstan, Russia",5/21/2019,2019-09-08T10:47:00,39127,GDO,KAZ,DR,DR 1013220,92 days (at 30 Aug 2019),Minor impact for agricultural drought in 39127 km2
DR_CHN_20190521_348,"Green Drought in China, North Korea, South Korea from: 21 May 2019  to: 08 Sep 2019 .",Green,1,Green,0.75,"China, North Korea, South Korea",5/21/2019,2019-09-08T10:47:00,107809,GDO,CHN,DR,DR 1013224,92 days (at 30 Aug 2019),Minor impact for agricultural drought in 107809 km2
DR_BTN_20190521_354,"Green Drought in Bhutan, China, India, Nepal from: 21 May 2019  to: 23 Jul 2019 .",Green,1,Green,0.75,"Bhutan, China, India, Nepal",5/21/2019,2019-07-23T08:27:00,214708,GDO,BTN,DR,DR 1013230,51 days (at 20 Jul 2019),Minor impact for agricultural drought in 214708 km2
DR_ARG_20190621_365,Orange Drought in Argentina from: 21 Jun 2019  to: 30 Dec 2020 .,Orange,2,Orange,1.25,Argentina,6/21/2019,2020-12-30T00:00:00,84846,GDO,ARG,DR,DR 1013282,549 days (at 30 Dec 2020),Medium impact for agricultural drought in 84846 km2
DR_BGR_20190621_368,"Green Drought in Bulgaria, Moldova, Romania, Türkiye, Ukraine from: 21 Jun 2019  to: 06 Apr 2020 .",Green,1,Green,0.5,"Bulgaria, Moldova, Romania, Türkiye, Ukraine",6/21/2019,2020-04-06T13:17:00,26350,GDO,BGR,DR,DR 1013280,264 days (at 20 Mar 2020),Minor impact for agricultural drought in 26350 km2
DR_AUS_20190621_371,Orange Drought in Australia from: 21 Jun 2019  to: 03 Mar 2020 .,Orange,2,Orange,1.25,Australia,6/21/2019,2020-03-03T14:37:00,520141,GDO,AUS,DR,DR 1013281,235 days (at 20 Feb 2020),Medium impact for agricultural drought in 520141 km2
DR_IDN_20190621_374,"Orange Drought in Indonesia, Malaysia from: 21 Jun 2019  to: 01 Dec 2019 .",Orange,2,Orange,1,"Indonesia, Malaysia",6/21/2019,2019-12-01T13:51:00,226191,GDO,IDN,DR,DR 1013395,153 days (at 20 Dec 2019),Medium impact for agricultural drought in 226191 km2
DR_MRT_20190621_380,"Orange Drought in Mauritania, Senegal from: 21 Jun 2019  to: 25 Sep 2019 .",Orange,2,Orange,1.5,"Mauritania, Senegal",6/21/2019,2019-09-25T16:17:00,58758,GDO,MRT,DR,DR 1013221,82 days (at 20 Sep 2019),Medium impact for agricultural drought in 58758 km2
DR_BTN_20190821_432,"Green Drought in Bhutan, China, India, Myanmar from: 21 Aug 2019  to: 20 Nov 2019 .",Green,1,Green,0.5,"Bhutan, China, India, Myanmar",8/21/2019,2019-11-20T11:17:00,109194,GDO,BTN,DR,DR 1013634,82 days (at 20 Nov 2019),Minor impact for agricultural drought in 109194 km2
DR_AUS_20190921_454,Green Drought in Australia from: 21 Sep 2019  to: 03 Mar 2020 .,Green,1,Green,0.5,Australia,9/21/2019,2020-03-03T14:37:00,112811,GDO,AUS,DR,DR 1013588,143 days (at 20 Feb 2020),Minor impact for agricultural drought in 112811 km2
DR_COL_20191021_466,"Green Drought in Colombia, Venezuela from: 21 Oct 2019  to: 15 Jul 2020 .",Green,1,Green,0.75,"Colombia, Venezuela",10/21/2019,2020-07-15T13:57:00,469453,GDO,COL,DR,DR 1013704,254 days (at 10 Jul 2020),Minor impact for agricultural drought in 469453 km2
DR_RUS_20191021_467,"Green Drought in Russia, Ukraine from: 21 Oct 2019  to: 12 Jun 2020 .",Green,1,Green,0.5,"Russia, Ukraine",10/21/2019,2020-06-12T17:47:00,67340,GDO,RUS,DR,DR 1013691,224 days (at 10 Jun 2020),Minor impact for agricultural drought in 67340 km2
DR_BGR_20191021_474,"Green Drought in Bulgaria, Iraq, Iran, Türkiye from: 21 Oct 2019  to: 26 Dec 2019 .",Green,1,Green,0.5,"Bulgaria, Iraq, Iran, Türkiye",10/21/2019,2019-12-26T11:17:00,349846,GDO,BGR,DR,DR 1013682,51 days (at 20 Dec 2019),Minor impact for agricultural drought in 349846 km2
DR_NZL_20191121_484,Green Drought in New Zealand from: 21 Nov 2019  to: 02 Jun 2020 .,Green,1,Green,0.5,New Zealand,11/21/2019,2020-06-02T16:37:00,83032,GDO,NZL,DR,DR 1013857,172 days (at 20 May 2020),Minor impact for agricultural drought in 83032 km2
DR_MAR_20191221_500,Green Drought in Morocco from: 21 Dec 2019  to: 11 May 2020 .,Green,1,Green,0.5,Morocco,12/21/2019,2020-05-11T14:47:00,97241,GDO,MAR,DR,DR 1013818,132 days (at 10 May 2020),Minor impact for agricultural drought in 97241 km2
DR_ITA_20200121_514,Green Drought in Italy from: 21 Jan 2020  to: 23 Apr 2020 .,Green,1,Green,0.25,Italy,1/21/2020,2020-04-23T10:47:00,23443,GDO,ITA,DR,DR 1013889,81 days (at 20 Apr 2020),Minor impact for agricultural drought in 23443 km2
DR_CAN_20200221_520,"Green Drought in Canada, United States from: 21 Feb 2020  to: 09 Feb 2022 .",Green,1,Green,0.25,"Canada, United States",2/21/2020,2022-02-09T00:00:00,16594,GDO,CAN,DR,DR 1014320,690 days (at 20 Jan 2022),Minor impact for agricultural drought in 16594 km2
DR_DOM_20200221_525,"Orange Drought in Dominican Republic, Haiti from: 21 Feb 2020  to: 15 Jul 2020 .",Orange,2,Orange,1.5,"Dominican Republic, Haiti",2/21/2020,2020-07-15T13:57:00,41438,GDO,DOM,DR,DR 1014018,131 days (at 10 Jul 2020),Medium impact for agricultural drought in 41438 km2
DR_MDG_20200221_526,Orange Drought in Madagascar from: 21 Feb 2020  to: 22 Jun 2020 .,Orange,2,Orange,1.5,Madagascar,2/21/2020,2020-06-22T10:57:00,142895,GDO,MDG,DR,DR 1013930,111 days (at 20 Jun 2020),Medium impact for agricultural drought in 142895 km2
DR_PER_20200221_529,Green Drought in Peru from: 21 Feb 2020  to: 02 Jun 2020 .,Green,1,Green,0.5,Peru,2/21/2020,2020-06-02T16:37:00,76315,GDO,PER,DR,DR 1013922,80 days (at 20 May 2020),Minor impact for agricultural drought in 76315 km2
DR_BLZ_20200221_530,"Green Drought in Belize, Guatemala, Mexico from: 21 Feb 2020  to: 02 Jun 2020 .",Green,1,Green,0.5,"Belize, Guatemala, Mexico",2/21/2020,2020-06-02T16:37:00,89573,GDO,BLZ,DR,DR 1014020,80 days (at 20 May 2020),Minor impact for agricultural drought in 89573 km2
DR_MOZ_20200221_533,Orange Drought in Mozambique from: 21 Feb 2020  to: 23 Apr 2020 .,Orange,2,Orange,1.5,Mozambique,2/21/2020,2020-04-23T10:47:00,42220,GDO,MOZ,DR,DR 1014012,50 days (at 20 Apr 2020),Medium impact for agricultural drought in 42220 km2
DR_MOZ_20200321_540,Green Drought in Mozambique from: 21 Mar 2020  to: 30 Apr 2021 .,Green,1,Green,0.5,Mozambique,3/21/2020,2021-04-30T00:00:00,20566,GDO,MOZ,DR,DR 1013981,396 days (at 20 May 2021),Minor impact for agricultural drought in 20566 km2
DR_AUS_20200311_542,Green Drought in Australia from: 11 Mar 2020  to: 20 Nov 2020 .,Green,1,Green,0.5,Australia,3/11/2020,2020-11-20T00:00:00,93955,GDO,AUS,DR,DR 1013971,245 days (at 20 Nov 2020),Minor impact for agricultural drought in 93955 km2
DR_BEL_20200321_543,"Green Drought in Belgium, Switzerland, Germany, France, Luxembourg, Netherlands from: 21 Mar 2020  to: 20 Oct 2020 .",Green,1,Green,0.5,"Belgium, Switzerland, Germany, France, Luxembourg, Netherlands",3/21/2020,2020-10-20T00:00:00,362827,GDO,BEL,DR,DR 1014038,204 days (at 20 Oct 2020),Minor impact for agricultural drought in 362827 km2
DR_LSO_20200321_545,"Orange Drought in Lesotho, South Africa from: 21 Mar 2020  to: 05 Oct 2020 .",Orange,2,Orange,1.25,"Lesotho, South Africa",3/21/2020,2020-10-05T09:27:00,146335,GDO,LSO,DR,DR 1014000,174 days (at 20 Sep 2020),Medium impact for agricultural drought in 146335 km2
DR_IRL_20200321_551,"Green Drought in Ireland, , from: 21 Mar 2020  to: 12 Jun 2020 .",Green,1,Green,0.75,"Ireland, , ",3/21/2020,2020-06-12T17:47:00,255429,GDO,IRL,DR,DR 1014048,72 days (at 10 Jun 2020),Minor impact for agricultural drought in 255429 km2
DR_LKA_20200321_553,Green Drought in Sri Lanka from: 21 Mar 2020  to: 02 Jun 2020 .,Green,1,Green,0.5,Sri Lanka,3/21/2020,2020-06-02T16:37:00,46233,GDO,LKA,DR,DR 1013998,51 days (at 20 May 2020),Minor impact for agricultural drought in 46233 km2
DR_KAZ_20200421_567,"Green Drought in Kazakhstan, Russia from: 21 Apr 2020  to: 06 Sep 2020 .",Green,1,Green,0.25,"Kazakhstan, Russia",4/21/2020,2020-09-06T16:47:00,141898,GDO,KAZ,DR,DR 1014256,122 days (at 30 Aug 2020),Minor impact for agricultural drought in 141898 km2
DR_MEX_20200521_580,Orange Drought in Mexico from: 21 May 2020  to: 20 May 2021 .,Orange,2,Orange,1.25,Mexico,5/21/2020,2021-05-20T00:00:00,22868,GDO,MEX,DR,DR 1014149,355 days (at 20 May 2021),Medium impact for agricultural drought in 22868 km2
DR_KAZ_20200521_582,"Green Drought in Kazakhstan, Russia from: 21 May 2020  to: 10 Feb 2021 .",Green,1,Green,0.75,"Kazakhstan, Russia",5/21/2020,2021-02-10T00:00:00,143815,GDO,KAZ,DR,DR 1014130,256 days (at 10 Feb 2021),Minor impact for agricultural drought in 143815 km2
DR_MEX_20200521_583,"Orange Drought in Mexico, United States from: 21 May 2020  to: 30 Jan 2021 .",Orange,2,Orange,1.25,"Mexico, United States",5/21/2020,2021-01-30T00:00:00,170725,GDO,MEX,DR,DR 1014139,245 days (at 30 Jan 2021),Medium impact for agricultural drought in 170725 km2
DR_MNG_20200521_586,Green Drought in Mongolia from: 21 May 2020  to: 20 Oct 2020 .,Green,1,Green,0.75,Mongolia,5/21/2020,2020-10-20T00:00:00,52266,GDO,MNG,DR,DR 1014138,143 days (at 20 Oct 2020),Minor impact for agricultural drought in 52266 km2
DR_CAN_20200521_592,"Green Drought in Canada, United States from: 21 May 2020  to: 26 Jul 2020 .",Green,1,Green,0.25,"Canada, United States",5/21/2020,2020-07-26T17:17:00,24764,GDO,CAN,DR,DR 1014184,51 days (at 20 Jul 2020),Minor impact for agricultural drought in 24764 km2
DR_PER_20200601_608,Green Drought in Peru from: 01 Jun 2020  to: 20 Dec 2020 .,Green,1,Green,0.5,Peru,6/1/2020,2020-12-20T00:00:00,119720,GDO,PER,DR,DR 1014244,193 days (at 20 Dec 2020),Minor impact for agricultural drought in 119720 km2
DR_MEX_20200601_613,"Orange Drought in Mexico, United States from: 01 Jun 2020  to: 11 Oct 2020 .",Orange,2,Orange,1,"Mexico, United States",6/1/2020,2020-10-11T12:47:00,409779,GDO,MEX,DR,DR 1014182,112 days (at 20 Oct 2020),Medium impact for agricultural drought in 409779 km2
DR_BRA_20200721_621,Green Drought in Brazil from: 21 Jul 2020  to: 17 Oct 2021 .,Green,1,Green,0.5,Brazil,7/21/2020,2021-10-17T00:00:00,146848,GDO,BRA,DR,DR 1014268,417 days (at 20 Sep 2021),Minor impact for agricultural drought in 146848 km2
DR_CHN_20200721_623,"Green Drought in China, India, Nepal from: 21 Jul 2020  to: 30 Apr 2021 .",Green,1,Green,0.5,"China, India, Nepal",7/21/2020,2021-04-30T00:00:00,107666,GDO,CHN,DR,DR 1014313,274 days (at 20 May 2021),Minor impact for agricultural drought in 107666 km2
DR_DZA_20200721_627,"Green Drought in Algeria, Morocco from: 21 Jul 2020  to: 30 Jan 2021 .",Green,1,Green,0.5,"Algeria, Morocco",7/21/2020,2021-01-30T00:00:00,15554,GDO,DZA,DR,DR 1014278,184 days (at 30 Jan 2021),Minor impact for agricultural drought in 15554 km2
DR_ARM_20200821_639,"Green Drought in Armenia, Azerbaijan, Iran from: 21 Aug 2020  to: 07 Nov 2021 .",Green,1,Green,0.5,"Armenia, Azerbaijan, Iran",8/21/2020,2021-11-07T00:00:00,9549,GDO,ARM,DR,DR 1014392,416 days (at 20 Oct 2021),Minor impact for agricultural drought in 9549 km2
DR_MDG_20200821_652,Green Drought in Madagascar from: 21 Aug 2020  to: 20 Oct 2020 .,Green,1,Green,0,Madagascar,8/21/2020,2020-10-20T00:00:00,69236,GDO,MDG,DR,DR 1014348,51 days (at 20 Oct 2020),Minor impact for agricultural drought in 69236 km2
DR_CMR_20200921_658,"Green Drought in Cameroon, Nigeria from: 21 Sep 2020  to: 13 Dec 2021 .",Green,1,Green,0.5,"Cameroon, Nigeria",9/21/2020,2021-12-13T00:00:00,84952,GDO,CMR,DR,DR 1014509,416 days (at 20 Nov 2021),Minor impact for agricultural drought in 84952 km2
DR_AGO_20200921_659,Green Drought in Angola from: 21 Sep 2020  to: 05 Dec 2021 .,Green,1,Green,0.75,Angola,9/21/2020,2021-12-05T00:00:00,4688,GDO,AGO,DR,DR 1014416,406 days (at 10 Nov 2021),Minor impact for agricultural drought in 4688 km2
DR_CHL_20200921_668,Green Drought in Chile from: 21 Sep 2020  to: 30 Dec 2020 .,Green,1,Green,0.5,Chile,9/21/2020,2020-12-30T00:00:00,51513,GDO,CHL,DR,DR 1014454,91 days (at 30 Dec 2020),Minor impact for agricultural drought in 51513 km2
DR_ARG_20201021_678,"Green Drought in Argentina, Chile from: 21 Oct 2020  to: 19 Jun 2023 .",Green,1,Green,0.25,"Argentina, Chile",10/21/2020,2023-06-19T00:00:00,108891,GDO,ARG,DR,DR 1014465,932 days (at 20 May 2023),Minor impact for agricultural drought in 108891 km2
DR_AFG_20201021_679,"Green Drought in Afghanistan, Kazakhstan, Tajikistan, Turkmenistan from: 21 Oct 2020  to: 28 Sep 2022 .",Green,1,Green,0.5,"Afghanistan, Kazakhstan, Tajikistan, Turkmenistan",10/21/2020,2022-09-28T00:00:00,64861,GDO,AFG,DR,DR 1014473,659 days (at 20 Aug 2022),Minor impact for agricultural drought in 64861 km2
DR_ARG_20201021_680,"Green Drought in Argentina, Chile from: 21 Oct 2020  to: 30 May 2022 .",Green,1,Green,0.25,"Argentina, Chile",10/21/2020,2022-05-30T00:00:00,44804,GDO,ARG,DR,DR 1014958,547 days (at 20 May 2022),Minor impact for agricultural drought in 44804 km2
DR_ITA_20201121_701,Green Drought in Italy from: 21 Nov 2020  to: 13 Dec 2021 .,Green,1,Green,0.25,Italy,11/21/2020,2021-12-13T00:00:00,18758,GDO,ITA,DR,DR 1014614,355 days (at 20 Nov 2021),Minor impact for agricultural drought in 18758 km2
DR_BGD_20210121_735,"Green Drought in Bangladesh, India, Myanmar from: 21 Jan 2021  to: 17 Jan 2022 .",Green,1,Green,0.25,"Bangladesh, India, Myanmar",1/21/2021,2022-01-17T00:00:00,144491,GDO,BGD,DR,DR 1014718,324 days (at 20 Dec 2021),Minor impact for agricultural drought in 144491 km2
DR_BDI_20210111_741,"Green Drought in Burundi, Democratic Republic of Congo, Rwanda from: 11 Jan 2021  to: 16 Aug 2021 .",Green,1,Green,0.25,"Burundi, Democratic Republic of Congo, Rwanda",1/11/2021,2021-08-16T00:00:00,24596,GDO,BDI,DR,DR 1014756,191 days (at 30 Jul 2021),Minor impact for agricultural drought in 24596 km2
DR_AFG_20210121_745,"Green Drought in Afghanistan, Iran, Pakistan from: 21 Jan 2021  to: 02 Mar 2021 .",Green,1,Green,0.5,"Afghanistan, Iran, Pakistan",1/21/2021,2021-03-02T00:00:00,220577,GDO,AFG,DR,DR 1014676,31 days (at 20 Mar 2021),Minor impact for agricultural drought in 220577 km2
DR_CHL_20210221_759,Green Drought in Chile from: 21 Feb 2021  to: 16 Aug 2021 .,Green,1,Green,0.25,Chile,2/21/2021,2021-08-16T00:00:00,56902,GDO,CHL,DR,DR 1014726,150 days (at 30 Jul 2021),Minor impact for agricultural drought in 56902 km2
DR_CHN_20210221_761,Green Drought in China from: 21 Feb 2021  to: 17 Jul 2021 .,Green,1,Green,0.5,China,2/21/2021,2021-07-17T00:00:00,8788,GDO,CHN,DR,DR 1014875,120 days (at 20 Jul 2021),Minor impact for agricultural drought in 8788 km2
DR_USA_20210421_788,Green Drought in United States from: 21 Apr 2021  to: 13 Dec 2021 .,Green,1,Green,0.25,United States,4/21/2021,2021-12-13T00:00:00,18686,GDO,USA,DR,DR 1014821,204 days (at 20 Nov 2021),Minor impact for agricultural drought in 18686 km2
DR_KAZ_20210421_795,"Orange Drought in Kazakhstan, Russia, Uzbekistan from: 21 Apr 2021  to: 17 Jul 2021 .",Orange,2,Orange,1.25,"Kazakhstan, Russia, Uzbekistan",4/21/2021,2021-07-17T00:00:00,979473,GDO,KAZ,DR,DR 1014881,61 days (at 20 Jul 2021),Medium impact for agricultural drought in 979473 km2
DR_RUS_20210621_826,Green Drought in Russia from: 21 Jun 2021  to: 20 Sep 2021 .,Green,1,Green,0.25,Russia,6/21/2021,2021-09-20T00:00:00,16654,GDO,RUS,DR,DR 1015084,61 days (at 30 Aug 2021),Minor impact for agricultural drought in 16654 km2
DR_AGO_20210721_834,"Green Drought in Angola, Democratic Republic of Congo, Republic of Congo from: 21 Jul 2021  to: 09 Feb 2022 .",Green,1,Green,0.25,"Angola, Democratic Republic of Congo, Republic of Congo",7/21/2021,2022-02-09T00:00:00,36813,GDO,AGO,DR,DR 1015039,174 days (at 20 Jan 2022),Minor impact for agricultural drought in 36813 km2
DR_SSD_20210721_842,Green Drought in South Sudan from: 21 Jul 2021  to: 07 Nov 2021 .,Green,1,Green,0.5,South Sudan,7/21/2021,2021-11-07T00:00:00,48739,GDO,SSD,DR,DR 1015040,82 days (at 20 Oct 2021),Minor impact for agricultural drought in 48739 km2
DR_BLZ_20210921_864,"Green Drought in Belize, Guatemala, Honduras, Mexico from: 21 Sep 2021  to: 19 Mar 2022 .",Green,1,Green,0.25,"Belize, Guatemala, Honduras, Mexico",9/21/2021,2022-03-19T00:00:00,34549,GDO,BLZ,DR,DR 1015187,143 days (at 20 Feb 2022),Minor impact for agricultural drought in 34549 km2
DR_IRN_20211021_875,"Green Drought in Islamic Republic of Iran, Kyrgyzstan, Kazakhstan, Tajikistan, Turkmenistan, Uzbekistan from: 21 Oct 2021  to: 03 Jul 2024 .",Green,1,Green,0.75,"Islamic Republic of Iran, Kyrgyzstan, Kazakhstan, Tajikistan, Turkmenistan, Uzbekistan",10/21/2021,2024-07-03T00:00:00,263840,GDO,IRN,DR,DR 1015257,933 days (at 20 May 2024),Minor impact for agricultural drought in 263840 km2
DR_COD_20211021_878,"Green Drought in Democratic Republic of Congo, Zambia from: 21 Oct 2021  to: 03 Jul 2022 .",Green,1,Green,0.25,"Democratic Republic of Congo, Zambia",10/21/2021,2022-07-03T00:00:00,48434,GDO,COD,DR,DR 1015281,223 days (at 10 Jun 2022),Minor impact for agricultural drought in 48434 km2
DR_ESP_20211021_879,"Green Drought in Spain, Portugal from: 21 Oct 2021  to: 30 May 2022 .",Green,1,Green,0.5,"Spain, Portugal",10/21/2021,2022-05-30T00:00:00,31463,GDO,ESP,DR,DR 1015249,182 days (at 20 May 2022),Minor impact for agricultural drought in 31463 km2
DR_DZA_20211101_891,"Green Drought in Algeria, Morocco, Tunisia from: 01 Nov 2021  to: 28 Sep 2022 .",Green,1,Green,0.75,"Algeria, Morocco, Tunisia",11/1/2021,2022-09-28T00:00:00,126944,GDO,DZA,DR,DR 1014695,283 days (at 20 Aug 2022),Minor impact for agricultural drought in 126944 km2
DR_HTI_20211121_896,Green Drought in Haiti from: 21 Nov 2021  to: 04 Apr 2022 .,Green,1,Green,0.25,Haiti,11/21/2021,2022-04-04T00:00:00,1457,GDO,HTI,DR,DR 1015291,100 days (at 10 Mar 2022),Minor impact for agricultural drought in 1457 km2
DR_AGO_20211211_909,Green Drought in Angola from: 11 Dec 2021  to: 28 Sep 2022 .,Green,1,Green,0.25,Angola,12/11/2021,2022-09-28T00:00:00,8243,GDO,AGO,DR,DR 1015356,243 days (at 20 Aug 2022),Minor impact for agricultural drought in 8243 km2
DR_BRA_20220121_919,Green Drought in Brazil from: 21 Jan 2022  to: 12 Jul 2023 .,Green,1,Green,0.25,Brazil,1/21/2022,2023-07-12T00:00:00,47674,GDO,BRA,DR,DR 1015559,506 days (at 20 Jun 2023),Minor impact for agricultural drought in 47674 km2
DR_GRC_20220121_920,"Green Drought in Greece, Türkiye from: 21 Jan 2022  to: 19 Jun 2023 .",Green,1,Green,0.25,"Greece, Türkiye",1/21/2022,2023-06-19T00:00:00,8147,GDO,GRC,DR,DR 1015426,475 days (at 20 May 2023),Minor impact for agricultural drought in 8147 km2
DR_BEL_20220221_939,"Green Drought in Belgium, Czech Republic, Germany, France, Luxembourg, Poland, Sweden, from: 21 Feb 2022  to: 30 Jul 2022 .",Green,1,Green,0.75,"Belgium, Czech Republic, Germany, France, Luxembourg, Poland, Sweden, ",2/21/2022,2022-07-30T00:00:00,259545,GDO,BEL,DR,DR 1015605,150 days (at 30 Jul 2022),Minor impact for agricultural drought in 259545 km2
DR_TZA_20220321_947,"Green Drought in Tanzania, Mozambique from: 21 Mar 2022  to: 24 Jun 2023 .",Green,1,Green,0.75,"Tanzania, Mozambique",3/21/2022,2023-06-24T00:00:00,195576,GDO,TZA,DR,DR 1014742,426 days (at 30 May 2023),Minor impact for agricultural drought in 195576 km2
DR_CHN_20220321_950,"Green Drought in China, Mongolia from: 21 Mar 2022  to: 01 Mar 2023 .",Green,1,Green,0.25,"China, Mongolia",3/21/2022,2023-03-01T00:00:00,35174,GDO,CHN,DR,DR 1015623,306 days (at 30 Jan 2023),Minor impact for agricultural drought in 35174 km2
DR_USA_20220321_951,Green Drought in United States from: 21 Mar 2022  to: 28 Sep 2022 .,Green,1,Green,0.25,United States,3/21/2022,2022-09-28T00:00:00,8376,GDO,USA,DR,DR 1015553,143 days (at 20 Aug 2022),Minor impact for agricultural drought in 8376 km2
DR_ITA_20220321_956,"Green Drought in Italy, from: 21 Mar 2022  to: 10 Jul 2022 .",Green,1,Green,0.75,"Italy, ",3/21/2022,2022-07-10T00:00:00,40964,GDO,ITA,DR,DR 1015511,102 days (at 10 Jul 2022),Minor impact for agricultural drought in 40964 km2
DR_CAN_20220321_958,"Green Drought in Canada, United States from: 21 Mar 2022  to: 06 Jun 2022 .",Green,1,Green,0.25,"Canada, United States",3/21/2022,2022-06-06T00:00:00,33347,GDO,CAN,DR,DR 1015512,41 days (at 10 May 2022),Minor impact for agricultural drought in 33347 km2
DR_NGA_20220421_963,Green Drought in Nigeria from: 21 Apr 2022  to: 24 Jun 2023 .,Green,1,Green,0.25,Nigeria,4/21/2022,2023-06-24T00:00:00,48739,GDO,NGA,DR,DR 1015792,395 days (at 30 May 2023),Minor impact for agricultural drought in 48739 km2
DR_TUR_20220421_973,Green Drought in Türkiye from: 21 Apr 2022  to: 18 Jul 2022 .,Green,1,Green,0.5,Türkiye,4/21/2022,2022-07-18T00:00:00,48149,GDO,TUR,DR,DR 1015589,51 days (at 20 Jun 2022),Minor impact for agricultural drought in 48149 km2
DR_ESP_20220521_980,"Green Drought in Spain, Portugal from: 21 May 2022  to: 19 Sep 2023 .",Green,1,Green,0.25,"Spain, Portugal",5/21/2022,2023-09-19T00:00:00,24778,GDO,ESP,DR,DR 1015708,457 days (at 30 Aug 2023),Minor impact for agricultural drought in 24778 km2
DR_ARG_20220521_981,"Green Drought in Argentina, Chile from: 21 May 2022  to: 16 Sep 2023 .",Green,1,Green,0.5,"Argentina, Chile",5/21/2022,2023-09-16T00:00:00,43237,GDO,ARG,DR,DR 1015709,447 days (at 20 Aug 2023),Minor impact for agricultural drought in 43237 km2
DR_PER_20220521_982,Green Drought in Peru from: 21 May 2022  to: 12 Jul 2023 .,Green,1,Green,0.25,Peru,5/21/2022,2023-07-12T00:00:00,11978,GDO,PER,DR,DR 1015767,386 days (at 20 Jun 2023),Minor impact for agricultural drought in 11978 km2
DR_IND_20220521_988,"Green Drought in India, Myanmar from: 21 May 2022  to: 12 Apr 2023 .",Green,1,Green,0.5,"India, Myanmar",5/21/2022,2023-04-12T00:00:00,22785,GDO,IND,DR,DR 1015771,294 days (at 20 Mar 2023),Minor impact for agricultural drought in 22785 km2
DR_RUS_20220621_1012,Green Drought in Russia from: 21 Jun 2022  to: 17 Jan 2023 .,Green,1,Green,0.25,Russia,6/21/2022,2023-01-17T00:00:00,190173,GDO,RUS,DR,DR 1015849,173 days (at 20 Dec 2022),Minor impact for agricultural drought in 190173 km2
DR_MDG_20220721_1021,Green Drought in Madagascar from: 21 Jul 2022  to: 19 Sep 2023 .,Green,1,Green,0.25,Madagascar,7/21/2022,2023-09-19T00:00:00,34423,GDO,MDG,DR,DR 1014495,396 days (at 30 Aug 2023),Minor impact for agricultural drought in 34423 km2
DR_CHN_20220721_1030,Green Drought in China from: 21 Jul 2022  to: 12 Apr 2023 .,Green,1,Green,0.5,China,7/21/2022,2023-04-12T00:00:00,11045,GDO,CHN,DR,DR 1015826,233 days (at 20 Mar 2023),Minor impact for agricultural drought in 11045 km2
DR_BRA_20220921_1056,Orange Drought in Brazil from: 21 Sep 2022  to: 12 Aug 2025 .,Orange,2,Orange,1.25,Brazil,9/21/2022,2025-08-12T00:00:00,756718,GDO,BRA,DR,DR 1016449,1024 days (at 20 Jul 2025),Medium impact for agricultural drought in 756718 km2
DR_DZA_20220921_1058,"Green Drought in Algeria, Morocco from: 21 Sep 2022  to: 12 Nov 2023 .",Green,1,Green,0.25,"Algeria, Morocco",9/21/2022,2023-11-12T00:00:00,21594,GDO,DZA,DR,DR 1015981,375 days (at 10 Oct 2023),Minor impact for agricultural drought in 21594 km2
DR_USA_20220921_1068,Green Drought in United States from: 21 Sep 2022  to: 03 May 2023 .,Green,1,Green,0.25,United States,9/21/2022,2023-05-03T00:00:00,45793,GDO,USA,DR,DR 1015974,192 days (at 10 Apr 2023),Minor impact for agricultural drought in 45793 km2
DR_USA_20221111_1092,Green Drought in United States from: 11 Nov 2022  to: 17 Apr 2024 .,Green,1,Green,0.25,United States,11/11/2022,2024-04-17T00:00:00,40748,GDO,USA,DR,DR 1016053,486 days (at 20 Mar 2024),Minor impact for agricultural drought in 40748 km2
DR_DOM_20221121_1097,"Green Drought in Dominican Republic, Haiti from: 21 Nov 2022  to: 09 Aug 2023 .",Green,1,Green,0.25,"Dominican Republic, Haiti",11/21/2022,2023-08-09T00:00:00,10963,GDO,DOM,DR,DR 1016107,232 days (at 20 Jul 2023),Minor impact for agricultural drought in 10963 km2
DR_COL_20221121_1107,Green Drought in Colombia from: 21 Nov 2022  to: 06 Mar 2023 .,Green,1,Green,0.25,Colombia,11/21/2022,2023-03-06T00:00:00,61485,GDO,COL,DR,DR 1016076,72 days (at 10 Feb 2023),Minor impact for agricultural drought in 61485 km2
DR_NAM_20221211_1117,Green Drought in Namibia from: 11 Dec 2022  to: 16 Sep 2023 .,Green,1,Green,0.25,Namibia,12/11/2022,2023-09-16T00:00:00,22183,GDO,NAM,DR,DR 1016100,243 days (at 20 Aug 2023),Minor impact for agricultural drought in 22183 km2
DR_CAN_20230121_1134,Green Drought in Canada from: 21 Jan 2023  to: 12 Mar 2024 .,Green,1,Green,0.25,Canada,1/21/2023,2024-03-12T00:00:00,22670,GDO,CAN,DR,DR 1016298,386 days (at 20 Feb 2024),Minor impact for agricultural drought in 22670 km2
DR_CHN_20230121_1135,"Green Drought in China, Laos, Myanmar, Thailand from: 21 Jan 2023  to: 17 Jan 2024 .",Green,1,Green,0.25,"China, Laos, Myanmar, Thailand",1/21/2023,2024-01-17T00:00:00,23022,GDO,CHN,DR,DR 1016209,324 days (at 20 Dec 2023),Minor impact for agricultural drought in 23022 km2
DR_FRA_20230221_1164,"Green Drought in France, Italy, Monaco from: 21 Feb 2023  to: 06 Aug 2023 .",Green,1,Green,0.25,"France, Italy, Monaco",2/21/2023,2023-08-06T00:00:00,2362,GDO,FRA,DR,DR 1015469,130 days (at 10 Jul 2023),Minor impact for agricultural drought in 2362 km2
DR_MEX_20230221_1171,Green Drought in Mexico from: 21 Feb 2023  to: 13 Jun 2023 .,Green,1,Green,0.25,Mexico,2/21/2023,2023-06-13T00:00:00,87375,GDO,MEX,DR,DR 1016231,69 days (at 10 May 2023),Minor impact for agricultural drought in 87375 km2
DR_IND_20230321_1180,Green Drought in India from: 21 Mar 2023  to: 02 Jan 2024 .,Green,1,Green,0.25,India,3/21/2023,2024-01-02T00:00:00,11138,GDO,IND,DR,DR 1016287,245 days (at 20 Dec 2023),Minor impact for agricultural drought in 11138 km2
DR_COL_20230421_1197,Green Drought in Colombia from: 21 Apr 2023  to: 03 Jul 2024 .,Green,1,Green,0.75,Colombia,4/21/2023,2024-07-03T00:00:00,110498,GDO,COL,DR,DR 1016315,386 days (at 20 May 2024),Minor impact for agricultural drought in 110498 km2
DR_RUS_20230421_1202,Green Drought in Russia from: 21 Apr 2023  to: 02 Jan 2024 .,Green,1,Green,0.25,Russia,4/21/2023,2024-01-02T00:00:00,87379,GDO,RUS,DR,DR 1016348,214 days (at 20 Dec 2023),Minor impact for agricultural drought in 87379 km2
DR_BRA_20230421_1209,Green Drought in Brazil from: 21 Apr 2023  to: 16 Sep 2023 .,Green,1,Green,0.5,Brazil,4/21/2023,2023-09-16T00:00:00,209495,GDO,BRA,DR,DR 1016573,112 days (at 20 Aug 2023),Minor impact for agricultural drought in 209495 km2
DR_NGA_20230521_1225,Green Drought in Nigeria from: 21 May 2023  to: 17 Jan 2024 .,Green,1,Green,0.25,Nigeria,5/21/2023,2024-01-17T00:00:00,24290,GDO,NGA,DR,DR 1016386,204 days (at 20 Dec 2023),Minor impact for agricultural drought in 24290 km2
DR_BRA_20230521_1228,Green Drought in Brazil from: 21 May 2023  to: 10 Dec 2023 .,Green,1,Green,0.75,Brazil,5/21/2023,2023-12-10T00:00:00,355568,GDO,BRA,DR,DR 1016527,194 days (at 10 Dec 2023),Minor impact for agricultural drought in 355568 km2
DR_SOM_20230521_1229,Green Drought in Somalia from: 21 May 2023  to: 19 Nov 2023 .,Green,1,Green,0.75,Somalia,5/21/2023,2023-11-19T00:00:00,87260,GDO,SOM,DR,DR 1016410,143 days (at 20 Oct 2023),Minor impact for agricultural drought in 87260 km2
DR_AUT_20230521_1240,"Green Drought in Austria, Belgium, Switzerland, Germany, France, Liechtenstein, Luxembourg from: 21 May 2023  to: 10 Jul 2023 .",Green,1,Green,0.25,"Austria, Belgium, Switzerland, Germany, France, Liechtenstein, Luxembourg",5/21/2023,2023-07-10T00:00:00,172228,GDO,AUT,DR,DR 1016504,41 days (at 10 Jul 2023),Minor impact for agricultural drought in 172228 km2
DR_IND_20230611_1257,Green Drought in India from: 11 Jun 2023  to: 19 Nov 2023 .,Green,1,Green,0.25,India,6/11/2023,2023-11-19T00:00:00,104704,GDO,IND,DR,DR 1016597,122 days (at 20 Oct 2023),Minor impact for agricultural drought in 104704 km2
DR_AUS_20230721_1270,Green Drought in Australia from: 21 Jul 2023  to: 15 Sep 2024 .,Green,1,Green,0.25,Australia,7/21/2023,2024-09-15T00:00:00,28728,GDO,AUS,DR,DR 1016588,356 days (at 20 Jul 2024),Minor impact for agricultural drought in 28728 km2
DR_AUS_20230721_1276,Green Drought in Australia from: 21 Jul 2023  to: 17 Jan 2024 .,Green,1,Green,0.25,Australia,7/21/2023,2024-01-17T00:00:00,44250,GDO,AUS,DR,DR 1016677,143 days (at 20 Dec 2023),Minor impact for agricultural drought in 44250 km2
DR_UGA_20230721_1281,Green Drought in Uganda from: 21 Jul 2023  to: 04 Dec 2023 .,Green,1,Green,0.25,Uganda,7/21/2023,2023-12-04T00:00:00,24603,GDO,UGA,DR,DR 1016544,92 days (at 30 Oct 2023),Minor impact for agricultural drought in 24603 km2
DR_ALB_20230811_1293,"Green Drought in Albania, Bulgaria, Greece, The Republic of North Macedonia, Türkiye from: 11 Aug 2023  to: 12 Aug 2025 .",Green,1,Green,0.5,"Albania, Bulgaria, Greece, The Republic of North Macedonia, Türkiye",8/11/2023,2025-08-12T00:00:00,252230,GDO,ALB,DR,DR 1016679,700 days (at 20 Jul 2025),Minor impact for agricultural drought in 252230 km2
DR_AGO_20230821_1294,"Green Drought in Angola, Democratic Republic of Congo, Zambia from: 21 Aug 2023  to: 20 Apr 2025 .",Green,1,Green,0.5,"Angola, Democratic Republic of Congo, Zambia",8/21/2023,2025-04-20T00:00:00,36162,GDO,AGO,DR,DR 1016682,599 days (at 20 Apr 2025),Minor impact for agricultural drought in 36162 km2
DR_BOL_20230821_1307,"Orange Drought in Bolivia, Brazil, Peru, Paraguay from: 21 Aug 2023  to: 30 Nov 2023 .",Orange,2,Orange,1.25,"Bolivia, Brazil, Peru, Paraguay",8/21/2023,2023-11-30T00:00:00,319815,GDO,BOL,DR,DR 1016612,92 days (at 20 Dec 2023),Medium impact for agricultural drought in 319815 km2
DR_IDN_20230921_1322,Green Drought in Indonesia from: 21 Sep 2023  to: 05 May 2024 .,Green,1,Green,0.25,Indonesia,9/21/2023,2024-05-05T00:00:00,14855,GDO,IDN,DR,DR 1016715,203 days (at 20 Apr 2024),Minor impact for agricultural drought in 14855 km2
DR_IRN_20230921_1325,"Green Drought in Islamic Republic of Iran, Kazakhstan, Turkmenistan, Uzbekistan from: 21 Sep 2023  to: 20 Jan 2024 .",Green,1,Green,0.75,"Islamic Republic of Iran, Kazakhstan, Turkmenistan, Uzbekistan",9/21/2023,2024-01-20T00:00:00,633250,GDO,IRN,DR,DR 1016696,112 days (at 20 Jan 2024),Minor impact for agricultural drought in 633250 km2
DR_MDG_20231021_1339,Green Drought in Madagascar from: 21 Oct 2023  to: 12 Aug 2025 .,Green,1,Green,0.5,Madagascar,10/21/2023,2025-08-12T00:00:00,83330,GDO,MDG,DR,DR 1016833,629 days (at 20 Jul 2025),Minor impact for agricultural drought in 83330 km2
DR_ARG_20231021_1342,"Green Drought in Argentina, Chile from: 21 Oct 2023  to: 24 Jul 2024 .",Green,1,Green,0.25,"Argentina, Chile",10/21/2023,2024-07-24T00:00:00,6950,GDO,ARG,DR,DR 1016777,234 days (at 20 Jun 2024),Minor impact for agricultural drought in 6950 km2
DR_USA_20231021_1346,Green Drought in United States from: 21 Oct 2023  to: 17 Apr 2024 .,Green,1,Green,0.25,United States,10/21/2023,2024-04-17T00:00:00,130787,GDO,USA,DR,DR 1015088,142 days (at 20 Mar 2024),Minor impact for agricultural drought in 130787 km2
DR_IND_20231021_1349,Green Drought in India from: 21 Oct 2023  to: 11 Feb 2024 .,Green,1,Green,0.25,India,10/21/2023,2024-02-11T00:00:00,50828,GDO,IND,DR,DR 1016764,82 days (at 20 Jan 2024),Minor impact for agricultural drought in 50828 km2
DR_CAN_20231121_1366,Green Drought in Canada from: 21 Nov 2023  to: 05 Oct 2024 .,Green,1,Green,0.25,Canada,11/21/2023,2024-10-05T00:00:00,14770,GDO,CAN,DR,DR 1017111,264 days (at 20 Aug 2024),Minor impact for agricultural drought in 14770 km2
DR_LBY_20231121_1368,Green Drought in Libya from: 21 Nov 2023  to: 07 Aug 2024 .,Green,1,Green,0.25,Libya,11/21/2023,2024-08-07T00:00:00,135927,GDO,LBY,DR,DR 1016906,223 days (at 10 Jul 2024),Minor impact for agricultural drought in 135927 km2
DR_MOZ_20231221_1390,"Green Drought in Mozambique, Zambia, Zimbabwe from: 21 Dec 2023  to: 18 Dec 2024 .",Green,1,Green,0.25,"Mozambique, Zambia, Zimbabwe",12/21/2023,2024-12-18T00:00:00,58574,GDO,MOZ,DR,DR 1016878,326 days (at 20 Nov 2024),Minor impact for agricultural drought in 58574 km2
DR_LSO_20231221_1394,"Green Drought in Lesotho, South Africa from: 21 Dec 2023  to: 24 Jul 2024 .",Green,1,Green,0.75,"Lesotho, South Africa",12/21/2023,2024-07-24T00:00:00,32033,GDO,LSO,DR,DR 1016891,173 days (at 20 Jun 2024),Minor impact for agricultural drought in 32033 km2
DR_AUS_20240111_1418,Green Drought in Australia from: 11 Jan 2024  to: 03 Jul 2024 .,Green,1,Green,0.5,Australia,1/11/2024,2024-07-03T00:00:00,106038,GDO,AUS,DR,DR 1016955,121 days (at 20 May 2024),Minor impact for agricultural drought in 106038 km2
DR_BFA_20240221_1429,"Green Drought in Burkina Faso, Benin, Central African Republic, Cameroon, Niger, Nigeria, Chad from: 21 Feb 2024  to: 12 Aug 2025 .",Green,1,Green,0.75,"Burkina Faso, Benin, Central African Republic, Cameroon, Niger, Nigeria, Chad",2/21/2024,2025-08-12T00:00:00,486063,GDO,BFA,DR,DR 1016995,506 days (at 20 Jul 2025),Minor impact for agricultural drought in 486063 km2
DR_COD_20240221_1433,"Green Drought in Democratic Republic of Congo, Central African Republic, Republic of Congo, Cameroon, Gabon, Equatorial Guinea from: 21 Feb 2024  to: 30 Sep 2024 .",Green,1,Green,0.75,"Democratic Republic of Congo, Central African Republic, Republic of Congo, Cameroon, Gabon, Equatorial Guinea",2/21/2024,2024-09-30T00:00:00,393385,GDO,COD,DR,DR 1016959,213 days (at 20 Oct 2024),Minor impact for agricultural drought in 393385 km2
DR_CHN_20240221_1434,"Green Drought in China, Malaysia, Philippines, Thailand from: 21 Feb 2024  to: 25 Sep 2024 .",Green,1,Green,0.25,"China, Malaysia, Philippines, Thailand",2/21/2024,2024-09-25T00:00:00,27416,GDO,CHN,DR,DR 1017005,162 days (at 10 Aug 2024),Minor impact for agricultural drought in 27416 km2
DR_TCD_20240221_1435,Green Drought in Chad from: 21 Feb 2024  to: 15 Sep 2024 .,Green,1,Green,0.5,Chad,2/21/2024,2024-09-15T00:00:00,60255,GDO,TCD,DR,DR 1017114,141 days (at 20 Jul 2024),Minor impact for agricultural drought in 60255 km2
DR_MDA_20240321_1451,"Orange Drought in Moldova, Russia, Ukraine from: 21 Mar 2024  to: 12 Aug 2025 .",Orange,2,Orange,1.25,"Moldova, Russia, Ukraine",3/21/2024,2025-08-12T00:00:00,415346,GDO,MDA,DR,DR 1017051,477 days (at 20 Jul 2025),Medium impact for agricultural drought in 415346 km2
DR_AUS_20240321_1453,Green Drought in Australia from: 21 Mar 2024  to: 20 Dec 2024 .,Green,1,Green,0.25,Australia,3/21/2024,2024-12-20T00:00:00,5240,GDO,AUS,DR,DR 1017013,265 days (at 20 Dec 2024),Minor impact for agricultural drought in 5240 km2
DR_ARG_20240521_1503,Green Drought in Argentina from: 21 May 2024  to: 31 Jul 2024 .,Green,1,Green,0.5,Argentina,5/21/2024,2024-07-31T00:00:00,73617,GDO,ARG,DR,DR 1013868,31 days (at 20 Jul 2024),Minor impact for agricultural drought in 73617 km2
DR_RUS_20240621_1516,Green Drought in Russia from: 21 Jun 2024  to: 18 Dec 2024 .,Green,1,Green,0.25,Russia,6/21/2024,2024-12-18T00:00:00,66976,GDO,RUS,DR,DR 1017265,143 days (at 20 Nov 2024),Minor impact for agricultural drought in 66976 km2
DR_KEN_20240621_1518,"Green Drought in Kenya, Somalia from: 21 Jun 2024  to: 30 Nov 2024 .",Green,1,Green,0.25,"Kenya, Somalia",6/21/2024,2024-11-30T00:00:00,31489,GDO,KEN,DR,DR 1017239,153 days (at 20 Dec 2024),Minor impact for agricultural drought in 31489 km2
DR_IND_20240621_1519,Green Drought in India from: 21 Jun 2024  to: 08 Oct 2024 .,Green,1,Green,0.25,India,6/21/2024,2024-10-08T00:00:00,11138,GDO,IND,DR,DR 1017217,61 days (at 30 Aug 2024),Minor impact for agricultural drought in 11138 km2
DR_CHN_20240621_1523,Green Drought in China from: 21 Jun 2024  to: 23 Sep 2024 .,Green,1,Green,0.25,China,6/21/2024,2024-09-23T00:00:00,39511,GDO,CHN,DR,DR 1017243,30 days (at 30 Jul 2024),Minor impact for agricultural drought in 39511 km2
DR_USA_20240721_1536,Green Drought in United States from: 21 Jul 2024  to: 20 Mar 2025 .,Green,1,Green,0.25,United States,7/21/2024,2025-03-20T00:00:00,61378,GDO,USA,DR,DR 1017227,233 days (at 20 Mar 2025),Minor impact for agricultural drought in 61378 km2
DR_BRA_20240721_1537,Green Drought in Brazil from: 21 Jul 2024  to: 20 Jan 2025 .,Green,1,Green,0.5,Brazil,7/21/2024,2025-01-20T00:00:00,61093,GDO,BRA,DR,DR 1017347,174 days (at 20 Jan 2025),Minor impact for agricultural drought in 61093 km2
DR_MNG_20240721_1541,"Green Drought in Mongolia, Russia from: 21 Jul 2024  to: 17 Dec 2024 .",Green,1,Green,0.25,"Mongolia, Russia",7/21/2024,2024-12-17T00:00:00,97317,GDO,MNG,DR,DR 1017334,103 days (at 10 Nov 2024),Minor impact for agricultural drought in 97317 km2
DR_ARG_20240721_1543,Green Drought in Argentina from: 21 Jul 2024  to: 30 Nov 2024 .,Green,1,Green,0.25,Argentina,7/21/2024,2024-11-30T00:00:00,139410,GDO,ARG,DR,DR 1017286,123 days (at 20 Dec 2024),Minor impact for agricultural drought in 139410 km2
DR_ARG_20240821_1558,Green Drought in Argentina from: 21 Aug 2024  to: 10 Feb 2025 .,Green,1,Green,0.25,Argentina,8/21/2024,2025-02-10T00:00:00,9683,GDO,ARG,DR,DR 1017481,164 days (at 10 Feb 2025),Minor impact for agricultural drought in 9683 km2
DR_AGO_20240821_1563,Green Drought in Angola from: 21 Aug 2024  to: 18 Dec 2024 .,Green,1,Green,0.25,Angola,8/21/2024,2024-12-18T00:00:00,23630,GDO,AGO,DR,DR 1017370,82 days (at 20 Nov 2024),Minor impact for agricultural drought in 23630 km2
DR_ETH_20240821_1567,"Green Drought in Ethiopia, Sudan, South Sudan from: 21 Aug 2024  to: 06 Nov 2024 .",Green,1,Green,0.25,"Ethiopia, Sudan, South Sudan",8/21/2024,2024-11-06T00:00:00,109300,GDO,ETH,DR,DR 1017360,41 days (at 10 Oct 2024),Minor impact for agricultural drought in 109300 km2
DR_USA_20240921_1591,Green Drought in United States from: 21 Sep 2024  to: 20 Nov 2024 .,Green,1,Green,0.5,United States,9/21/2024,2024-11-20T00:00:00,109269,GDO,USA,DR,DR 1017425,51 days (at 20 Nov 2024),Minor impact for agricultural drought in 109269 km2
DR_ALB_20241021_1595,"Green Drought in Albania, Austria, Bosnia  and  Herzegovina, Belgium, Bulgaria, Switzerland, Czech Republic, Germany, France, Croatia, Hungary, Italy, Liechtenstein, Luxembourg, Montenegro, The Republic of North Macedonia, Netherlands, Poland, Romania, Serbia, Slovenia, Slovakia, Ukraine, from: 21 Oct 2024  to: 12 Aug 2025 .",Green,1,Green,0.75,"Albania, Austria, Bosnia & Herzegovina, Belgium, Bulgaria, Switzerland, Czech Republic, Germany, France, Croatia, Hungary, Italy, Liechtenstein, Luxembourg, Montenegro, The Republic of North Macedonia, Netherlands, Poland, Romania, Serbia, Slovenia, Slovakia, Ukraine, ",10/21/2024,2025-08-12T00:00:00,1266803,GDO,ALB,DR,DR 1016401,263 days (at 20 Jul 2025),Minor impact for agricultural drought in 1266803 km2
DR_AFG_20241021_1601,"Orange Drought in Afghanistan, Israel, Iraq, Islamic Republic of Iran, Jordan, Kyrgyzstan, Kazakhstan, Lebanon, Pakistan, Gaza Strip, Syria, Tajikistan, Turkmenistan, Türkiye, Uzbekistan from: 21 Oct 2024  to: 12 Aug 2025 .",Orange,2,Orange,1.25,"Afghanistan, Israel, Iraq, Islamic Republic of Iran, Jordan, Kyrgyzstan, Kazakhstan, Lebanon, Pakistan, Gaza Strip, Syria, Tajikistan, Turkmenistan, Türkiye, Uzbekistan",10/21/2024,2025-08-12T00:00:00,1468985,GDO,AFG,DR,DR 1017535,263 days (at 20 Jul 2025),Medium impact for agricultural drought in 1468985 km2
DR_IRL_20241021_1602,"Green Drought in Ireland, , from: 21 Oct 2024  to: 30 Apr 2025 .",Green,1,Green,0.5,"Ireland, , ",10/21/2024,2025-04-30T00:00:00,183340,GDO,IRL,DR,DR 1017548,182 days (at 20 May 2025),Minor impact for agricultural drought in 183340 km2
DR_LSO_20241021_1605,"Green Drought in Lesotho, South Africa from: 21 Oct 2024  to: 20 Mar 2025 .",Green,1,Green,0.25,"Lesotho, South Africa",10/21/2024,2025-03-20T00:00:00,107544,GDO,LSO,DR,DR 1017629,141 days (at 20 Mar 2025),Minor impact for agricultural drought in 107544 km2
DR_USA_20241021_1608,Green Drought in United States from: 21 Oct 2024  to: 20 Jan 2025 .,Green,1,Green,0.5,United States,10/21/2024,2025-01-20T00:00:00,27140,GDO,USA,DR,DR 1017501,82 days (at 20 Jan 2025),Minor impact for agricultural drought in 27140 km2
DR_CAN_20241021_1617,"Green Drought in Canada, United States from: 21 Oct 2024  to: 20 Nov 2024 .",Green,1,Green,0.25,"Canada, United States",10/21/2024,2024-11-20T00:00:00,25127,GDO,CAN,DR,DR 1017505,21 days (at 20 Nov 2024),Minor impact for agricultural drought in 25127 km2
DR_DZA_20241121_1622,"Green Drought in Algeria, Morocco from: 21 Nov 2024  to: 12 Aug 2025 .",Green,1,Green,0.25,"Algeria, Morocco",11/21/2024,2025-08-12T00:00:00,10188,GDO,DZA,DR,DR 1016686,232 days (at 20 Jul 2025),Minor impact for agricultural drought in 10188 km2
DR_GIN_20241121_1629,"Green Drought in Guinea, Sierra Leone from: 21 Nov 2024  to: 20 Mar 2025 .",Green,1,Green,0.25,"Guinea, Sierra Leone",11/21/2024,2025-03-20T00:00:00,44186,GDO,GIN,DR,DR 1016960,110 days (at 20 Mar 2025),Minor impact for agricultural drought in 44186 km2
DR_IRQ_20241121_1632,"Green Drought in Iraq, Islamic Republic of Iran, Turkmenistan from: 21 Nov 2024  to: 02 Mar 2025 .",Green,1,Green,0.75,"Iraq, Islamic Republic of Iran, Turkmenistan",11/21/2024,2025-03-02T00:00:00,527384,GDO,IRQ,DR,DR 1017594,92 days (at 20 Mar 2025),Minor impact for agricultural drought in 527384 km2
DR_AFG_20241221_1651,"Green Drought in Afghanistan, Islamic Republic of Iran, Kyrgyzstan, Kazakhstan, Pakistan, Tajikistan, Turkmenistan, Uzbekistan from: 21 Dec 2024  to: 30 May 2025 .",Green,1,Green,0.75,"Afghanistan, Islamic Republic of Iran, Kyrgyzstan, Kazakhstan, Pakistan, Tajikistan, Turkmenistan, Uzbekistan",12/21/2024,2025-05-30T00:00:00,390088,GDO,AFG,DR,DR 1017686,151 days (at 30 May 2025),Minor impact for agricultural drought in 390088 km2
DR_AUT_20241221_1652,"Green Drought in Austria, Belgium, Czech Republic, Germany, Denmark, France, Luxembourg, Netherlands, Poland, Sweden from: 21 Dec 2024  to: 30 Apr 2025 .",Green,1,Green,0.75,"Austria, Belgium, Czech Republic, Germany, Denmark, France, Luxembourg, Netherlands, Poland, Sweden",12/21/2024,2025-04-30T00:00:00,506124,GDO,AUT,DR,DR 1017709,121 days (at 20 May 2025),Minor impact for agricultural drought in 506124 km2
DR_AUS_20250121_1670,Green Drought in Australia from: 21 Jan 2025  to: 12 Aug 2025 .,Green,1,Green,0.75,Australia,1/21/2025,2025-08-12T00:00:00,143084,GDO,AUS,DR,DR 1017869,171 days (at 20 Jul 2025),Minor impact for agricultural drought in 143084 km2
DR_TZA_20250121_1671,"Green Drought in Tanzania, Uganda from: 21 Jan 2025  to: 20 Jun 2025 .",Green,1,Green,0.25,"Tanzania, Uganda",1/21/2025,2025-06-20T00:00:00,49122,GDO,TZA,DR,DR 1017671,141 days (at 20 Jun 2025),Minor impact for agricultural drought in 49122 km2
DR_MEX_20250221_1686,"Orange Drought in Mexico, United States from: 21 Feb 2025  to: 12 Aug 2025 .",Orange,2,Orange,1,"Mexico, United States",2/21/2025,2025-08-12T00:00:00,179361,GDO,MEX,DR,DR 1016963,140 days (at 20 Jul 2025),Medium impact for agricultural drought in 179361 km2
DR_ETH_20250221_1696,"Green Drought in Ethiopia, Sudan, South Sudan from: 21 Feb 2025  to: 20 Apr 2025 .",Green,1,Green,0.25,"Ethiopia, Sudan, South Sudan",2/21/2025,2025-04-20T00:00:00,60939,GDO,ETH,DR,DR 1017730,49 days (at 20 Apr 2025),Minor impact for agricultural drought in 60939 km2
DR_BHS_20250321_1711,"Green Drought in The Bahamas, Belize, Cuba, Guatemala, Mexico from: 21 Mar 2025  to: 12 Aug 2025 .",Green,1,Green,0.75,"The Bahamas, Belize, Cuba, Guatemala, Mexico",3/21/2025,2025-08-12T00:00:00,162458,GDO,BHS,DR,DR 1017904,112 days (at 20 Jul 2025),Minor impact for agricultural drought in 162458 km2
DR_LBY_20250321_1713,Green Drought in Libya from: 21 Mar 2025  to: 10 Jun 2025 .,Green,1,Green,0.5,Libya,3/21/2025,2025-06-10T00:00:00,4824,GDO,LBY,DR,DR 1017799,72 days (at 10 Jun 2025),Minor impact for agricultural drought in 4824 km2
DR_ETH_20250421_1728,Green Drought in Ethiopia from: 21 Apr 2025  to: 12 Aug 2025 .,Green,1,Green,0.75,Ethiopia,4/21/2025,2025-08-12T00:00:00,85192,GDO,ETH,DR,DR 1017863,81 days (at 20 Jul 2025),Minor impact for agricultural drought in 85192 km2
DR_CHN_20250521_1744,Green Drought in China from: 21 May 2025  to: 12 Aug 2025 .,Green,1,Green,0.75,China,5/21/2025,2025-08-12T00:00:00,247083,GDO,CHN,DR,DR 1017173,51 days (at 20 Jul 2025),Minor impact for agricultural drought in 247083 km2
DR_USA_20250521_1749,Green Drought in United States from: 21 May 2025  to: 12 Aug 2025 .,Green,1,Green,0.25,United States,5/21/2025,2025-08-12T00:00:00,25752,GDO,USA,DR,DR 1017933,51 days (at 20 Jul 2025),Minor impact for agricultural drought in 25752 km2
DR_ETH_20250621_1766,"Green Drought in Ethiopia, Sudan, South Sudan from: 21 Jun 2025  to: 12 Aug 2025 .",Green,1,Green,0.5,"Ethiopia, Sudan, South Sudan",6/21/2025,2025-08-12T00:00:00,48053,GDO,ETH,DR,DR 1017944,20 days (at 20 Jul 2025),Minor impact for agricultural drought in 48053 km2
